{"target": 37.413741374137416, "params": {"atr_alpha": 8.923418089348906e-05, "eli_lambda": 0.07203244934421581, "non_obs_task_switch_rate": 1000.2287496346897}, "datetime": {"datetime": "2020-02-28 09:36:54", "elapsed": 0.0, "delta": 0.0}}
