{"target": 38.81388138813882, "params": {"atr_alpha": 8.923418089348906e-05, "eli_lambda": 0.07203244934421581, "non_obs_task_switch_rate": 1000.2287496346897}, "datetime": {"datetime": "2020-03-08 15:25:46", "elapsed": 0.0, "delta": 0.0}}
